ã“ã˜ã¯ã‚‹,,nyanchan22,https://www.instagram.com/nyanchan22/,https://www.youtube.com/channel/UCOjmYCnYlTcdoD2DKHvrV5g
ã‚ãŸãªã¹ãªãŠã¿,,watanabenaomi703,https://www.instagram.com/watanabenaomi703,https://www.youtube.com/channel/UCFFH1T9H5J7lAr4tkhjoVmw
é«˜æ©‹æ„›,å…ƒãƒ¢ãƒ¼å¨˜ã€‚,i_am_takahashi,https://www.instagram.com/i_am_takahashi,
DJ SENNA,4/18 20:30ã€œ,djsenna_sennaohtsu,https://www.instagram.com/djsenna_sennaohtsu/,
å¤§å³¶éº»è¡£,å…ƒAKB,maioshima911,https://www.instagram.com/maioshima911,
ãƒãƒªã‚¨,,pascalmariedesmaris_pmd,https://www.instagram.com/pascalmariedesmarais_pmd/,
ãƒ“ã‚¿ãƒŸãƒ³Sãƒ»ãŠå…„ã¡ã‚ƒã‚“,,oniichan0715,https://www.instagram.com/oniichan0715/,https://www.youtube.com/channel/UCfE1BS_u3fj7u8rMfzbqbCA/featured
å®®è¿«,,miyasako_hiroyuki,https://www.instagram.com/miyasako_hiroyuki/,https://www.youtube.com/channel/UCtubooLn_qgqoWsWS-UWuHw
KREVA,,kreva_drk_dj908,https://www.instagram.com/kreva_drk_dj908/,https://www.youtube.com/user/kreva
ã‚­ãƒ³ã‚³ãƒ³è¥¿é‡,,japanesehandsome,https://www.instagram.com/japanesehandsome/?hl=ja,https://www.youtube.com/channel/UCOy5sLcFLqYNqZ1iurp4dCg/videos?view=0&sort=dd&shelf_id=1
æ¨ªæµœFãƒãƒªãƒã‚¹,,yokohamaf.marinos,https://www.instagram.com/yokohamaf.marinos/?hl=ja,https://www.youtube.com/user/yokohamafmarinos1972
ã‚‚ã‚‚ã‹ãƒãƒ£ãƒ³ãƒãƒ«,,momoka_ch,https://www.instagram.com/momoka_ch/?hl=ja,https://www.youtube.com/user/chmomoka
ãƒ¡ãƒ³ã‚¿ãƒªã‚¹ãƒˆDaiGo,,mentalistdaigo,https://www.instagram.com/mentalistdaigo/?hl=ja,https://www.youtube.com/user/mentalistdaigo
ã‚¸ãƒ£ãƒ‹ãƒ¼ã‚ºäº‹å‹™æ‰€,,,,https://www.youtube.com/channel/UCfwnhCPBIlbe7XMRV5WKbrQ/videos
è—¤åŸã•ãã‚‰,ã‚·ãƒ³ã‚¬ãƒ¼ã‚½ãƒ³ã‚°ãƒ©ã‚¤ã‚¿ãƒ¼,mammothsakura,https://www.instagram.com/mammothsakura/?hl=ja,https://www.youtube.com/results?search_query=%E8%97%A4%E5%8E%9F%E3%81%95%E3%81%8F%E3%82%89
ãƒ›ãƒªã‚¨ãƒ¢ãƒ³,,takapon_jp,https://www.instagram.com/takapon_jp/channel/?hl=ja,https://www.youtube.com/user/takaponjp
ã‚¨ã‚°ã‚¶ã‚¤ãƒ«ã‚¢ãƒ„ã‚·,,exile_atsushi_official,https://www.instagram.com/exile_atsushi_official/?hl=ja,https://www.youtube.com/channel/UCOD-DHOD7kEg1DH-bNHgkiA
ã‚†ãã½ã‚ˆ,,poyo_ngy,https://www.instagram.com/poyo_ngy/?hl=ja,https://www.youtube.com/channel/UC6TRiVRGcAyIqyKgVmSz9oQ
koki,ã‚­ãƒ ã‚¿ã‚¯ã®å¨˜: å¦¹,koki,https://www.instagram.com/koki/?hl=ja,
cocomi,ã‚­ãƒ ã‚¿ã‚¯ã®å¨˜: å§‰,cocomi_553_official,https://www.instagram.com/cocomi_553_official/?hl=ja,
æ„›å†…é‡Œèœ,,rika_kakiuchi,https://www.instagram.com/rika_kakiuchi/?hl=ja,https://www.youtube.com/channel/UC2JJiHkY6PHLm3b4PVUOZmw
ç¥ç”°è–å­,æ¾ç”°è–å­ãã£ãã‚Šã•ã‚“,kandaseiko,https://www.instagram.com/kandaseiko/?hl=ja,
ã¯ã‚ã¡ã‚…ã†,ãƒ–ãƒ­ã‚¬ãƒ¼ã€ä½œå®¶,ha_chu,https://www.instagram.com/ha_chu/,https://www.youtube.com/user/hachu122/videos
AKB48ã‚°ãƒ«ãƒ¼ãƒ—,,akb48,https://www.instagram.com/akb48/?hl=ja,https://www.youtube.com/user/AKB48
æ˜Ÿé‡æº,,iamgenhoshino,https://www.instagram.com/iamgenhoshino/?hl=ja,https://www.youtube.com/channel/UCPKlrgZXnnb89nSeITvTdGA
ç”°ä¸­ã¿ãªå®Ÿ,,,,
ã¨ã‚‚ã¡ã‚“ï¼æ¿é‡ã¨ã‚‚ã¿,,tomo.i_0703,https://www.instagram.com/tomo.i_0703/?hl=ja,
å±±ãƒ”ãƒ¼,,tomo.y9,https://www.instagram.com/tomo.y9/?hl=ja,
åµ,,arashi_5_official,https://www.instagram.com/arashi_5_official/?hl=ja,https://www.youtube.com/channel/UCP7Gw_YZAuh4Yg2fcdcuumQ
æ°¸é‡èŠ½éƒ,,mei_nagano0924official,https://www.instagram.com/mei_nagano0924official/,
åŠ è—¤ãƒŸãƒªãƒ¤,,miliyahtokyo,https://www.instagram.com/miliyahtokyo/,https://www.youtube.com/user/miliyahSMEJ
æ¡è°·ç¾ç²,,mirei_kiritani_,https://www.instagram.com/mirei_kiritani_/,
æ²³åŒ—éº»å‹å­,,mayukokawakitaofficial,https://www.instagram.com/mayukokawakitaofficial/,
kemio,,mmkemio,https://www.instagram.com/mmkemio/,https://www.youtube.com/channel/UCdqmGeaJIczU3-ZTdBv7JaQ/featured
ä»Šç”°ç¾æ¡œ,,imada_mio,https://www.instagram.com/imada_mio/,
å°å³¶ç‘ ç’ƒå­,,ruriko_kojima,https://www.instagram.com/ruriko_kojima/,
æ°´å·ã‚ã•ã¿,,mizukawa_asami,https://www.instagram.com/mizukawa_asami/,
å¤§æ”¿çµ¢,,aya_omasa_official,https://www.instagram.com/aya_omasa_official/,
Ellie,ç¾å®¹å®¶,_z_eric_o_,https://www.instagram.com/_z_eric_o_/,https://www.youtube.com/channel/UCQVSRbVuEztR891hfEXrFGw/featured
ä½ã€…æœ¨å¸Œ,,nozomisasaki_official,https://www.instagram.com/nozomisasaki_official/,
æ¾æœ¬ã¾ã‚Šã‹,,marika_matsumoto,https://www.instagram.com/marika_matsumoto/,
ä¸Šç™½çŸ³èŒéŸ³,,mone_kamishiraishi,https://www.instagram.com/mone_kamishiraishi/,https://www.youtube.com/channel/UCdzLYBOVmmOoHyA_E5VXbwg
åºƒç€¬ã™ãš,,suzu.hirose.official,https://www.instagram.com/suzu.hirose.official/,
å¤§åŸæ«»å­,,sakurako_ohara,https://www.instagram.com/sakurako_ohara/,https://www.youtube.com/user/oharasakurako
æœ¬ç”°ç¿¼,,tsubasa_0627official,https://www.instagram.com/tsubasa_0627official/,https://www.youtube.com/channel/UC8pMBOI9vXf6fIM670vdIPw
æ»æ²¢ã‚«ãƒ¬ãƒ³,,takizawakarenofficial,https://www.instagram.com/takizawakarenofficial/,
è¥¿å†…ã¾ã‚Šã‚„,,mariya_nishiuchi_official,https://www.instagram.com/mariya_nishiuchi_official/,https://www.youtube.com/channel/UC-OC4syGCE0nazvtOM7Uf_Q
é»’æœ¨ãƒ¡ã‚¤ã‚µ,,meisa_kuroki_,https://www.instagram.com/meisa_kuroki_/,
æœ¬ç”°çœŸå‡›,ãƒ•ã‚£ã‚®ãƒ¥ã‚¢ã‚¹ã‚±ãƒ¼ãƒˆ,marin_honda,https://www.instagram.com/marin_honda/,
ã‚ã‚‰ãã‚†ã†ã“,,arakiyu_ko,https://www.instagram.com/arakiyu_ko/,
ã¨ãã„èŠ¸äºº,,tokui_yoshimi,https://www.instagram.com/tokui_yoshimi/,
ãã‚ƒã‚Šãƒ¼ã±ã¿ã‚…ã±ã¿ã‚…,,kyarypappa,https://www.instagram.com/kyarypappa/,https://www.youtube.com/user/kyarypamyupamyuTV
ãƒ¯ãƒ³ã‚ªã‚¯ã®ãŸã‹,,10969taka,https://www.instagram.com/10969taka/?hl=ja,https://www.youtube.com/channel/UCzycs8MqvIY4nXWwS-v4J9g
ä¸‰æµ¦ç¿”å¹³,,shohei.63,https://www.instagram.com/shohei.63/,
è¥¿å³¶ éš†å¼˜ï¼ˆAAAï¼‰,,nissy_nissystaff,https://www.instagram.com/nissy_nissystaff/,
è¿‘è—¤æ˜¥èœ,ãƒãƒªã‚»ãƒ³ãƒœãƒ³,harisenbon_haruna,https://www.instagram.com/harisenbon_haruna/,
ãƒ™ãƒƒã‚­ãƒ¼,,becky_dayo,https://www.instagram.com/becky_dayo/,https://www.youtube.com/user/becky
æŸ¿è°· æ›œä¸€æœ—,,yoichiro.no.8,https://www.instagram.com/yoichiro.no.8/,
ãŠãŠãã¼ã€€ã‚µãƒƒã‚«ãƒ¼,AKB,yoshito13,https://www.instagram.com/yoshito13/?hl=ja,
ã¿ã‚„ã–ã‚ã•ãˆ,AKB,sae_3830,https://www.instagram.com/sae_3830/?hl=ja,
ãŠãŠã—ã¾ã‚†ã†ã“,AKB,yuk00shima,https://www.instagram.com/yuk00shima/?hl=ja,
ã¨ã†ã°ã‚“ã²ã‚ãŠã¿,ç™»å‚åºƒè‡£,3jsb_hiroomi_tosaka,https://www.instagram.com/3jsb_hiroomi_tosaka/?hl=ja,
ã«ã¡ã‚‡ã±,æ± ç”°ç¾å„ª,michopa1030,https://www.instagram.com/michopa1030/?hl=ja,
ã«ã“ã‚‹ã‚“,,nikorunkawaii,https://www.instagram.com/nikorunkawaii/?hl=ja,https://www.youtube.com/channel/UC3d5tppwxYrOtv8fP8jk7nA/videos
ã„ã¾ã„ã—ã‚†ã†ã˜,ä»Šå¸‚éš†äºŒ,jsbryuji_official,https://www.instagram.com/jsbryuji_official/?hl=ja,
ã•ãˆã“,,saekoofficial,https://www.instagram.com/saekoofficial/?hl=ja,
ãã©ã†ã—ãšã‹,,kudo_shizuka,https://www.instagram.com/kudo_shizuka/?hl=ja,
ã•ã—ã¯ã‚‰,,345insta,https://www.instagram.com/345insta/?hl=ja,
ãƒ¤ãƒãƒ€ãŸã‹ã‚†ã,å±±ç”°å­ä¹‹,takayukiyamadaphoto,https://www.instagram.com/takayukiyamadaphoto/?hl=ja,
ã‚†ãã½ã‚ˆ,,poyo_ngy,https://www.instagram.com/poyo_ngy/?hl=ja,https://www.youtube.com/channel/UC6TRiVRGcAyIqyKgVmSz9oQ
ã‚ã¹ã“ã†ã˜,,abe_happy,https://www.instagram.com/abe_happy/?hl=ja,
ãªã‹ã‚Šã„ã•,,riisa1018naka,https://www.instagram.com/riisa1018naka/?hl=ja,
ãªã‹ãŠã‚ãã‚ˆã—,ä¸­å°¾æ˜æ…¶,akiyoshi0630nakao,https://www.instagram.com/akiyoshi0630nakao/?hl=ja,https://www.youtube.com/channel/UCqlS-_VjKVfHmNYzbYVcN7w
ä¸‰æµ¦ã‚ã•ã¿ã‚¢ãƒŠã‚¦ãƒ³ã‚µãƒ¼,,mito_meat,https://www.instagram.com/mito_meat/,
ã‚¤ã‚°ã‚¸ãƒƒãƒˆã®ã‘ã‚“ã¡ã‹,,kanechikadaiki,https://www.instagram.com/kanechikadaiki/?hl=ja,
ã„ã¾ã„ã‚Šãƒ¬ã‚ª,,leoieiri,https://www.instagram.com/leoieiri/?hl=ja,https://www.youtube.com/user/ieirileo
ãŠãŠã¯ã‚‰ã•ãã‚‰ã“,å¤§åŸæ«»å­,sakurako_ohara,https://www.instagram.com/sakurako_ohara/?hl=ja,https://www.youtube.com/user/ieirileo/videos
ãŸã‚€ã‘ã‚“,ãŸã‚€ã‚‰ã‘ã‚“ã˜,tamuradojou,https://www.instagram.com/tamuradojou/,https://www.youtube.com/channel/UC9hqxNvN5Qh5rj50NtM-4eA/featured
ã†ã•ã¿ã€€ã‚µãƒƒã‚«ãƒ¼,,takashi_usami39,https://www.instagram.com/takashi_usami39/?hl=ja,
ã‹ã‚Šãª,,karina_official_221,https://www.instagram.com/karina_official_221/?hl=ja,
ã‚ã‚Šã‚€ã‚‰ã‹ã™ã¿,,kasumi_arimura.official,https://www.instagram.com/kasumi_arimura.official/?hl=ja,
ãªãŠã¨,Jãã†ã‚‹,exile_naoto,https://www.instagram.com/exile_naoto_/?hl=ja,https://www.youtube.com/channel/UCV7SmmVbR0g5KwjOFTMEPDw
ãªã‚Šã¿ã‚„,,hiroshige_narimiya,https://www.instagram.com/hiroshige_narimiya/?hl=ja,
é’å±±ãƒ†ãƒ«ãƒ,,thelmaaoyama,https://www.instagram.com/thelmaaoyama/?hl=ja,
æ–°å£çµè¡£,,,,
ã—ã‚ãŸã‚†ã†,,yu_shirota,https://www.instagram.com/yu_shirota/?hl=ja,https://www.youtube.com/channel/UCk3qA8t5ATpBIJtwdwMdZfA
ãƒ€ãƒ«ãƒ“ãƒƒã‚·ãƒ¥,,darvishsefat11,https://www.instagram.com/darvishsefat11/?hl=ja,https://www.youtube.com/channel/UCpRTROg3nHnOWVPVeMq4z_w
ã¯ã¡ã‚€ã‚‰ã‚‹ã„,,rui_8mura,https://www.instagram.com/rui_8mura/?hl=ja,
æ°´å·ã‚ã•ã¿,,mizukawa_asami,https://www.instagram.com/mizukawa_asami/,
ã¯ã—ã‚‚ã¨ã‹ã‚“ãª,æ©‹æœ¬ç’°å¥ˆ,kannahashimoto.mg,https://www.instagram.com/kannahashimoto.mg/?hl=ja,
ã‚¦ãƒ¼ãƒãƒ¼ãƒ¯ãƒ¼ãƒ«ãƒ‰ãŸãã‚„,,takuya_world_official,https://www.instagram.com/takuya_world_official/?hl=ja,
ã‚¨ãƒ³ãƒªã‚±,,eri.ogawa1102,https://www.instagram.com/eri.ogawa1102/?hl=ja,https://www.youtube.com/channel/UCD0Kba00rO0XaRKJ-qyrszw
ãƒŸãƒ©ãƒ³ãƒ€ãƒ»ã‚«ãƒ¼,,mirandakerr,https://www.instagram.com/mirandakerr/?hl=ja,https://www.youtube.com/channel/UC8-l8XNMMBuT2BpcLjZfmWw
ã“ã†ã ãã¿,,kodakumi_official,https://www.instagram.com/kodakumi_official/?hl=ja,https://www.youtube.com/user/KODAKUMINET
åµ,,arashi_5_official,https://www.instagram.com/arashi_5_official/?hl=ja,https://www.youtube.com/channel/UCP7Gw_YZAuh4Yg2fcdcuumQ
ã‚±ã‚¤ãƒ†ã‚£ãƒ»ãƒšãƒªãƒ¼,,katyperry,https://www.instagram.com/katyperry/?hl=ja,https://www.youtube.com/user/KatyPerryMusic
ãƒ–ãƒ©ãƒƒã‚¯ãƒ»ãƒ”ãƒ³ã‚¯,,blackpinkofficial,https://www.instagram.com/blackpinkofficial/?hl=ja,https://www.youtube.com/channel/UCOmHUn--16B90oW2L6FRR3A
çªªå¡šæ´‹ä»‹,,yosuke_kubozuka,https://www.instagram.com/yosuke_kubozuka/?hl=ja,
ã‚»ãƒªãƒ¼ãƒŠãƒ»ã‚´ãƒ¡ã‚¹,,selenagomez,https://www.instagram.com/selenagomez/?hl=ja,https://www.youtube.com/user/SelGomez/featured
ã‚¸ãƒ£ã‚¹ãƒ†ã‚£ãƒ³ãƒ»ãƒ“ãƒ¼ãƒãƒ¼,,justinbieber,https://www.instagram.com/justinbieber/?hl=ja,https://www.youtube.com/user/kidrauhl
ã‚«ãƒ¼ãƒ‡ã‚£ãƒ¼B,,iamcardib,https://www.instagram.com/iamcardib/channel/,
ã‚«ã‚¤ãƒªãƒ¼ã‚¸ã‚§ãƒ³ãƒŠãƒ¼,,kyliejenner,https://www.instagram.com/kyliejenner/channel/,https://www.youtube.com/channel/UCWkYXtnAuu7VTLPwUcRSB6A/videos
ãƒ€ãƒ¬ãƒã‚¬ãƒ¬æ˜ç¾,,darenogare.akemi,https://www.instagram.com/darenogare.akemi/,https://www.youtube.com/channel/UC-D1hOaMFMs70wR-PPGGjBA/videos
ãƒã‚¤ãƒªãƒ¼ãƒ»ã‚µã‚¤ãƒ©ã‚¹,,mileycyrus,https://www.instagram.com/mileycyrus/channel/,https://www.youtube.com/user/mileyofficialonline/videos
ã‚¤ãƒ‹ã‚¨ã‚¹ã‚¿,,andresiniesta8,https://www.instagram.com/andresiniesta8/channel/,
ãƒãƒªã‚»ãƒ³ãƒœãƒ³ã®è¿‘è—¤æ˜¥èœ,,harisenbon_haruna,https://www.instagram.com/harisenbon_haruna/,
ãƒŸã‚¹ãƒãƒ«,,,,https://www.youtube.com/user/MrChildren
ã‚µã‚«ãƒŠã‚¯ã‚·ãƒ§ãƒ³,,sakanaction_jp,https://www.instagram.com/sakanaction_jp/channel/,https://www.youtube.com/user/sakanactionchannel/videos?view=64&flow=grid
ã‚­ãƒ£ãƒ¡ãƒ­ãƒ³ãƒ»ãƒ‡ã‚£ã‚¢ã‚¹,,camerondiaz,https://www.instagram.com/camerondiaz/,
DUA LPA,,dualipa,https://www.instagram.com/dualipa/channel/,
ã‚¢ãƒªã‚¢ãƒŠãƒ»ã‚°ãƒ©ãƒ³ãƒ‡,,arianagrande,https://www.instagram.com/arianagrande/?hl=ja,https://www.youtube.com/user/osnapitzari/videos
ã‚ã‚†,,a.you,https://www.instagram.com/a.you/?hl=ja,https://www.youtube.com/user/ayu/videos
ãƒãƒ¼ãƒ‹ãƒ³ã‚°ãƒãƒ³,,,,
ãƒ•ã‚¡ãƒƒã‚·ãƒ§ãƒ³ã‚·ãƒ§ãƒ¼,,,,
ã¡ã‚ƒã‚“ã¿ãª,,minachanxx,https://www.instagram.com/minachanxx/channel/?hl=ja,https://www.youtube.com/channel/UConh1BwKagscq7EAP2Vng-g/featured
ãŸã«ã¾ã‚Šã‚,,mariaaaa728,https://www.instagram.com/mariaaaa728/?hl=ja,https://www.youtube.com/channel/UCJ2t3BWwxkpSEtPmfbUHr8A
BIGOLIVE,,,,
ã‚¨ãƒŸãƒ»ãƒ¬ãƒŠãƒ¼ã‚¿,,emi_renata,https://www.instagram.com/emi_renata/?hl=ja,https://www.youtube.com/user/EmiRenataS
ãŸã„ã‚‰ã‚ã„ã‚Šï¼é•·å‹ã®å¥¥ã•ã‚“,,harikiri_tairi,https://www.instagram.com/harikiri_tairi/,
ãŸã„ã‚‰ã‚†ãªï¼å¦¹,,yunataira_official,https://www.instagram.com/yunataira_official/,
ã«ãï¼ãƒ†ãƒ©ãƒ,,__niki22,https://www.instagram.com/__niki22/,
ãƒ™ãƒ©ãƒãƒ‡ã‚£ãƒƒãƒˆã¾ã¾,,bellahadid,https://www.instagram.com/bellahadid/,
ãƒ¯ãƒ³ã‚ªã‚¯,,oneokrockofficial,https://www.instagram.com/oneokrockofficial/,https://www.youtube.com/user/ONEOKROCKchannel
æ—¥ãƒ†ãƒ¬,,,,https://www.youtube.com/user/nittele
ã«ã—ã‚„ã¾ã¾ã,,maki.nshiyama50,https://www.instagram.com/maki.nshiyama50/?hl=ja,https://www.youtube.com/channel/UCible2rGo9dsK5CsJdW49ew
ã¶ã£ã¡ã‚ƒã‘Bãƒªãƒ¼ã‚°,,b.league_official,https://www.instagram.com/b.league_official/,https://www.youtube.com/channel/UC4NpGzqd6nnntf8ehYC50-A
ãŸãªã¹ã‚Šã•ã“,,risako_tanabe,https://www.instagram.com/risako_tanabe/,
ã‚¿ã‚¤ãƒ©ãƒ¼ã‚­ãƒ£ãƒ¡ãƒ­ãƒ³,,tylerjcameron3,https://www.instagram.com/tylerjcameron3/,
ã‚¸ãƒ§ãƒ³ãƒ¡ã‚¤ãƒ¤ãƒ¼,,johnmayer,https://www.instagram.com/johnmayer/,https://www.youtube.com/user/mayermusic/featured
FNNãƒ—ãƒ©ã‚¤ãƒ ã‚ªãƒ³ãƒ©ã‚¤ãƒ³,,,,https://www.youtube.com/user/FNNnewsCH
ANNnewsCH,,,,https://www.youtube.com/user/ANNnewsCH
ã‚«ãƒŸãƒ©ãƒ»ã‚«ãƒ™ãƒ­,,camila_cabello,https://www.instagram.com/camila_cabello/,https://www.youtube.com/channel/UCio_FVgKVgqcHrRiXDpnqbw
FBSç¦å²¡æ”¾é€å…¬å¼ãƒãƒ£ãƒ³ãƒãƒ«,,,,https://www.youtube.com/channel/UCXXEOK4erP8E3cbszN22bEQ
TOSãƒ†ãƒ¬ãƒ“å¤§åˆ†,,,,https://www.youtube.com/channel/UC0k0UP7RA9l-X_3t8jElXQQ/videos
ãƒãƒ£ãƒ¼ãƒªãƒ¼ãƒ»ãƒ—ãƒ¼ã‚¹,,charlieputh,https://www.instagram.com/charlieputh/?hl=ja,https://www.youtube.com/user/CharliesVlogs/videos
TBS NEWS,,tbsnews_insta,https://www.instagram.com/tbsnews_insta/?hl=ja,https://www.youtube.com/user/tbsnewsi/videos
ä¸€ãƒç€¬ã¿ã‹,,,,
bloomberg,,bloombergbusiness,https://www.instagram.com/bloombergbusiness/channel/,https://www.youtube.com/user/Bloomberg
Charali,,charli_xcx,https://www.instagram.com/charli_xcx/,https://www.youtube.com/watch?v=TbJE-KVZvTA&feature=youtu.be
ãƒ–ãƒªãƒˆãƒ‹ãƒ¼ãƒ»ã‚¹ãƒ”ã‚¢ãƒ¼ã‚º,,britneyspears,https://www.instagram.com/britneyspears/,https://www.youtube.com/channel/UCgffc95YDBlkGrBAJUHUmXQ
ãƒ‡ã‚£ã‚¿ãŠã‚‰,,ritaora,https://www.instagram.com/ritaora/,https://www.youtube.com/user/ritaora
halsey,,iamhalsey,https://www.instagram.com/iamhalsey/,https://www.youtube.com/user/iamhalsey
å›½åœŸäº¤é€šçœä¸­å›½åœ°æ–¹æ•´å‚™å±€,,,,https://www.youtube.com/channel/UCdBlUJydNYy_2ztBrSHqKSg/featured
DAVID GUETTA,,"davidguetta
",https://www.instagram.com/davidguetta/?hl=ja,https://www.youtube.com/channel/UC1l7wYrva1qCH-wgqcHaaRg
ã‚¹ãƒ†ã‚£ãƒ¼ãƒ–ãƒ»ã‚¢ã‚ªã‚­,,steveaoki,https://www.instagram.com/steveaoki/?hl=ja,https://www.youtube.com/user/steveaoki
ä¸­å·ç¿”å­,,shoko55mmts,https://www.instagram.com/shoko55mmts/,https://www.youtube.com/channel/UCLW97wZQjnzStp4eMxRf3Kg
å·å£æ˜¥å¥ˆã‚ªãƒ•ã‚£ã‚·ãƒ£ãƒ« ã¯ãƒ¼ã¡ã‚ƒã‚“ã­ã‚‹,,haruna_kawaguchi_official,https://www.instagram.com/haruna_kawaguchi_official/,https://www.youtube.com/channel/UCHi5HD9w9B-gI6Lbx43Rs7A
Jasmine Tookes,ãƒ´ã‚£ã‚¯ã‚·ãƒ¼ãƒ¢ãƒ‡ãƒ«,jastookes,https://www.instagram.com/jastookes/,https://www.youtube.com/channel/UC613sjXVOaDPBoH5xFeqDYQ
Pharrell Williams,,i_am_other,https://www.instagram.com/i_am_other/,https://www.youtube.com/channel/UCE560wL2ftkMrQL40LYFUVg
ãƒ¯ãƒ³ãƒ¯ãƒ¼ãƒ«ãƒ‰,,,,https://www.youtube.com/user/OneWorldAlliance/videos
kygo,æµ·å¤–DJ,kygomusic,æµ·å¤–ã‚¢ãƒ¼ãƒ†ã‚£ã‚¹ãƒˆ,https://www.youtube.com/watch?v=wNFY8lJhm0A
ãƒ†ãƒ¬æ±ãƒ‹ãƒ¥ãƒ¼ã‚¹,,,,https://www.youtube.com/channel/UCkKVQ_GNjd8FbAuT6xDcWgg
ã‚‚ã‚“ã‚Šã‚‡ã†,,rio19891015,https://www.instagram.com/rio19891015/?hl=ja,https://www.youtube.com/channel/UCtfrtF3vDShe9C40i2pZ7qA
é€²æ’ƒã®ãƒã‚¢,,shingeki_noa,https://www.instagram.com/shingeki_noa/?hl=ja,https://www.youtube.com/channel/UCBqN11fVN9yxA0ARcQxU9sQ
ã¦ã‚“ã¡ã‚€,,super_muchiko,https://www.instagram.com/super_muchiko/?hl=ja,https://www.youtube.com/channel/UCXzU-b8I0Y_fhMkLQMYt3vA
æ¡œäº•é‡ã®èŠ±TV,,nonoka199148,https://www.instagram.com/nonoka199148/?hl=ja,https://www.youtube.com/channel/UC5MM7hQgMsCCObGa7PpTvZw
ã‚ˆã—ã‚ã,,yooshiakiii,https://www.instagram.com/yooshiakiii/?hl=ja,https://www.youtube.com/channel/UCiJkV6aSJpX9xEJUu00tVlw
ã¿ã¡,,mi0306chi,https://www.instagram.com/mi0306chi/?hl=ja,https://www.youtube.com/channel/UCiJkV6aSJpX9xEJUu00tVlw
ãƒ¯ãƒ³ãƒ»ãƒ€ã‚¤ãƒ¬ã‚¯ã‚·ãƒ§ãƒ³,,onedirection,,https://www.youtube.com/channel/UCb2HGwORFBo94DmRx4oLzow
Niall Horan,,niallhoran,https://www.instagram.com/niallhoran/?hl=ja,https://www.youtube.com/channel/UCQcTX6rX7JhUpHg_T3STtoQ
ãªã¤ãã¾ã‚Š,,mari_natsuki,https://www.instagram.com/mari_natsuki/?hl=ja,
ä¸‰æµ¦æ˜¥é¦¬,,haruma_miura_info,https://www.instagram.com/haruma_miura_info/?hl=ja,
ã¿ã†ã‚‰ã ã„ã¡,,daichimiura824,https://www.instagram.com/daichimiura824/,https://www.youtube.com/user/DaichiMiuraCh/
ãƒ ãƒ­ãƒ„ãƒ¨ã‚·,,murotsuyoshi0123,https://www.instagram.com/murotsuyoshi0123/,
æŸ´å’²ã‚³ã‚¦,,ko_shibasaki,https://www.instagram.com/ko_shibasaki/,https://www.youtube.com/channel/UCYMlRRn0d2B94ZOycjI9mzg
ãƒ†ã‚¤ãƒ©ãƒ¼ãƒ»ãƒ’ãƒ«,,taylor_hill,https://www.instagram.com/taylor_hill/?hl=en,
ãƒ•ã‚¡ã‚¤ãƒ´ãƒ»ã‚»ã‚«ãƒ³ã‚ºãƒ»ã‚ªãƒ–ãƒ»ã‚µãƒãƒ¼,,5sos,https://www.instagram.com/5sos/,https://www.youtube.com/user/hemmo1996
Rinka æ¢¨èŠ±,,rinchan521,https://www.instagram.com/rinchan521/,
æœ¬ç”°åœ­ä½‘,,keisukehonda,https://www.instagram.com/keisukehonda/,https://www.youtube.com/channel/UCgew41EnrAYSKKZmPhnm2ZA
é¦™å·çœŸå¸,,sk23.10,https://www.instagram.com/sk23.10/,
å±±é‡Œäº®å¤ª,,ryotayamasato,,
ãƒ­ãƒ¼ãƒ©,,rolaofficial,https://www.instagram.com/rolaofficial/?hl=ja,https://www.youtube.com/rola?uid=kMs-Zr9pGixbqm0mhO8J7g&app=desktop
ç«¹å†… å”¯äºº,ãŸã‘ã†ã¡ã‚Šã‚‡ã†ã¾ã®å¼Ÿ #ã‚ªã‚ªã‚«ãƒŸã¡ã‚ƒã‚“ã«ã¯é¨™ã•ã‚Œãªã„,takeuchi_yuito,https://www.instagram.com/takeuchi_yuito/?hl=ja,https://www.youtube.com/channel/UCvThlBAfAIukb1glH1ue0Wg/videos
ã²ãª,#æœˆã¨ã‚ªã‚ªã‚«ãƒŸã¡ã‚ƒã‚“ã«ã¯é¨™ã•ã‚Œãªã„,hina_faky,,https://www.youtube.com/watch?v=zUwZT4aHUxE&feature=youtu.be
Novel Core,#æœˆã¨ã‚ªã‚ªã‚«ãƒŸã¡ã‚ƒã‚“ã«ã¯é¨™ã•ã‚Œãªã„,iamnovelcore,https://www.instagram.com/iamnovelcore/?hl=ja,
æ—¥æ¯”ç¾æ€,#æ‹æ„›ãƒ‰ãƒ©ãƒãªæ‹ãŒã—ãŸã„ã€œBang Ban Loveã€œ,hibi_mikoto,https://www.instagram.com/hibi_mikoto/,
æœ¨æ‘è‘‰æœˆï¼ˆãã‚€ã‚‰ã¯ã¥ãï¼‰,#æ‹æ„›ãƒ‰ãƒ©ãƒãªæ‹ãŒã—ãŸã„ã€œBang Ban Loveã€œ,82ki_82ki,https://www.instagram.com/82ki_82ki/,
æ–°é‡ãƒ»ãƒ“ãƒ³ã‚¹ã‚¤ãƒ»ä¿Šå¹¸,#ãƒ†ãƒ©ã‚¹ãƒã‚¦ã‚¹,niinotoshiyuki,https://www.instagram.com/niinotoshiyuki/?hl=ja,https://www.youtube.com/channel/UCS8czviz3qdYJCcpJNcUg_A
èŠ±éŸ³,#æ‹æ„›ãƒ‰ãƒ©ãƒãªæ‹ãŒã—ãŸã„,kanon_1228,https://www.instagram.com/kanon_1228/?hl=ja,
ãŸã‹ã¯ãŸã¿ã¤ã,,mitsuki_takahata,https://www.instagram.com/mitsuki_takahata/?hl=ja,
ãƒãƒªã‚»ãƒ³ãƒœãƒ³æ˜¥èœ,èŠ¸äºº,,,
ãƒ“ãƒ«ãƒœãƒ¼ãƒ‰,,billboard,https://www.instagram.com/billboard/,https://www.youtube.com/channel/UCsVcseUYbYjldc-XgcsiEbg
å¥¥æ‘çœŸç†å­,ç¾å®¹å®¶,skinholictokyo,https://www.instagram.com/skinholictokyo/,
ã‹ã‚“ã–ãã‚ãã¿,ç¾å®¹å®¶,megumi_kanzaki,https://www.instagram.com/megumi_kanzaki/,
æ‘ä¸ŠçœŸç´€,ç¾å®¹å®¶,g_dramaki_,https://www.instagram.com/g_dramaki_/,
Calvin Harris,,calvinharris,https://www.instagram.com/calvinharris/,
Adam Levine,ãƒãƒ«ãƒ¼ãƒ³ï¼•,adamlevine,https://www.instagram.com/adamlevine/,
çŸ³å·ç›´å® NaohiroIshikawa,,sgss.18,https://www.instagram.com/sgss.18/,
ã‚«ãƒ¼ãƒ«ãƒ»ãƒ©ã‚¬ãƒ¼ãƒ•ã‚§ãƒ«ãƒ‰ï¼ˆãƒ–ãƒ©ãƒ³ãƒ‰ï¼‰,,karllagerfeld,https://www.instagram.com/karllagerfeld/?hl=ja,
,,,,
Vogue,,voguemagazine,https://www.instagram.com/voguemagazine/channel/?hl=ja,https://www.youtube.com/user/Americanvogue/videos
ç¥å®¿,,kamiyado0907,https://www.instagram.com/kamiyado0907/?hl=ja,https://www.youtube.com/channel/UClhL_woWoXnmKvv2H8_mxwg
ãƒ”ã‚«ã„ã¡ CHANNEL,,pika1ch,https://www.instagram.com/pika1ch/?hl=ja,https://www.youtube.com/channel/UCCV3RigKiLxFOqlYZcsq35w
SUSHIâ˜…BOYSï¼ˆãƒˆãƒ¼ã‚¿ãƒ«ãƒ†ãƒ³ãƒœã‚¹ï¼‰,æ¯é€±é‡‘æ›œæ—¥19æ™‚å…¬é–‹,totaltenboss,https://www.instagram.com/totaltenboss/,https://www.youtube.com/channel/UCriA6OetuAB_S9UCnvR-HdQ
ãƒãƒŠãƒ–ãƒ­ã‚° ,è‡ªå·±å•“ç™º,,,https://www.youtube.com/channel/UCb9h8EpBlGHv9Z896fu4yeQ/videos
Hikakin,,hikakin,https://www.instagram.com/hikakin/?hl=ja,https://www.youtube.com/user/HikakinTV/videos
Fischerâ€™sï¼ˆãƒ•ã‚£ãƒƒã‚·ãƒ£ãƒ¼ã‚ºï¼‰,,instafischers,https://www.instagram.com/instafischers/?hl=ja,https://www.youtube.com/user/MASAIandHamzael
ã‚­ãƒƒã‚ºãƒ©ã‚¤ãƒ³â™¡Kids Line,,kidslinetv,https://www.instagram.com/kidslinetv/?hl=ja,https://www.youtube.com/user/runway19co
ã¯ã˜ã‚ã—ã‚ƒã¡ã‚‡ãƒ¼ (hajime),,hajimesyachodesu,https://www.instagram.com/hajimesyachodesu/?hl=ja,https://www.youtube.com/user/0214mex
Halno Kujiraoka,æ—…è¡Œç³»å†™çœŸå®¶,halno,https://www.instagram.com/halno/,
ğŒğšğ§ğšğ¦ğ¢ ğ’ğ¡ğ¢ğ¤ğšğğšâ˜¾ in Tokyo,æ—…è¡Œç³»å†™çœŸå®¶,manashika,https://www.instagram.com/manashika/,
è©©æ­©/Shiho (æ­»ã¬ã¾ã§ã«è¡ŒããŸã„!ä¸–ç•Œã®çµ¶æ™¯),æ—…è¡Œç³»å†™çœŸå®¶,shih0107,https://www.instagram.com/shih0107/,https://www.youtube.com/user/zekkeichannnel
MOYA,,moyamoya2121,https://www.instagram.com/moyamoya2121/,
tammy,èŠ¸è¡“,tammychannn,https://www.instagram.com/tammychannn/,
MASAKI MATSUNAGA,ã‚¦ã‚§ãƒ‡ã‚£ãƒ³ã‚°ç³»,masaki0409,https://www.instagram.com/masaki0409/,https://www.youtube.com/channel/UCJUutjHEq_tmAfUVu9ff59g
Yuh Kawsaki,æ—…è¡Œç³»,yuhkawasaki,https://www.instagram.com/yuhkawasaki/,
Kaori,æ—…è¡Œç³»,wg.kaori,https://www.instagram.com/wg.kaori/,
ï¼¡ï¼¹ï¼µï¼­ï¼©,æ—…è¡Œç³»,ooooooayumioooooo,https://www.instagram.com/ooooooayumioooooo/,https://www.youtube.com/channel/UCPaIr64vFUZKIrVQGyLAYIQ
Tasty Japan,,tastyjapan,https://www.instagram.com/tastyjapan/,https://www.youtube.com/watch?v=eD34FSOBOfg
æ°´åŸå¸Œå­,,i_am_kiko,https://www.instagram.com/i_am_kiko/,https://www.youtube.com/kiko
Victoria's Secret,,victoriassecret,https://www.instagram.com/victoriassecret/,
H&M,,hm,https://www.instagram.com/hm/,
adidas Originals,,adidasoriginals,https://www.instagram.com/adidasoriginals/,
ZARA Official,,zara,https://www.instagram.com/zara/,
forever21,,forever21,https://www.instagram.com/forever21/,
Louis Vuitton Official,,louisvuitton,instagram.com/louisvuitton/,
Gucci,,gucci,https://www.instagram.com/gucci/,
Vogue Japan,,voguejapan,https://www.instagram.com/voguejapan/,
NYLON JAPAN,ãƒ•ã‚¡ãƒƒã‚·ãƒ§ãƒ³,nylonjapan,https://www.instagram.com/nylonjapan/,
ginza magazine,,ginzamagazine,https://www.instagram.com/ginzamagazine/,
è°·å·èœå¥ˆ,,pechi.130,https://www.instagram.com/pechi.130/?utm_source=ig_embed,https://www.youtube.com/channel/UCbXbh-K4R9qGlBnVY_Z3IHw/videos
Shinjiro Ono,,marutaro,https://www.instagram.com/marutaro/?utm_source=ig_embed,https://www.instagram.com/marutaro/?utm_source=ig_embed
ãµãã‚Œãª,,fukurena,https://www.instagram.com/fukurena/?utm_source=ig_embed,https://www.youtube.com/channel/UCdK3LnMrq1-4MZteb-v5i5g
æ–°æœ¨å„ªå­,nonoå°‚å±ãƒ¢ãƒ‡ãƒ«,yuuuuukko_,https://www.instagram.com/yuuuuukko_/,
å±±ï¨‘è³¢äºº,ä¿³å„ª,kentooyamazaki,https://instagram.userlocal.jp/users/kentooyamazaki,
å‰å²¡é‡Œå¸†,å¥³å„ª,riho_yoshioka,https://www.instagram.com/riho_yoshioka/,
ä¸­æ‘ã‚¢ãƒ³,,cocoannne,https://www.instagram.com/cocoannne/,
å°ç±”åƒè±Šå°ç±”åƒè±Šï¼ˆå‰æœ¬æ–°å–œåŠ‡ï¼‰,,koyabukazutoyo_shinkigeki,https://www.instagram.com/koyabukazutoyo_shinkigeki/,
ã‚ˆã‚Šã‚ã®ã¯ã¡ãã‚“,æŸ´çŠ¬,yorimenohachi,https://www.instagram.com/yorimenohachi/?hl=ja,https://www.youtube.com/channel/UCMMhK-o0Txrl_a7ta4YvuQQ
Marie Kondo,,mariekondo,https://www.instagram.com/mariekondo/,
æ·±ç”°æ­å­,LIVEã‚„ã£ã¦ãªã„ã‘ã©,kyokofukada_official,https://www.instagram.com/kyokofukada_official/,